time,x_F_body_mode,x_F_body_median,y_F_body_mode,y_F_body_median,n_F_body_mode,n_F_body_median,x_F_earth_mode,x_F_earth_median,y_F_earth_mode,y_F_earth_median
0.0,0.0,0.0,0.0,0.0,0.0,0.0,0.0,0.0,0.0,0.0
0.25,7.850172703450129,7.611259246646704,0.07364301351733471,0.05991066863305368,0.2033923439734413,-0.001065339225547135,7.850172703450129,7.611259246646704,0.07364301351733471,0.05991066863305368
0.5,6.904964018411485,7.160337805466048,-0.5510793521755714,-0.31561891081208293,1.045258471664672,0.5719443629489511,6.905000865759469,7.162168988326295,-0.5366892765863056,-0.3020668475239211
0.75,4.713707238368033,7.2017418500701895,-0.2019963384958141,-0.2634077295664681,-1.140598317388017,-0.19546292932400194,4.715935416165809,7.197060913121634,-0.16758379407134177,-0.23174231107151755
1.0,6.6947137477029,7.327637740159604,-0.6700109172868988,-0.6330004193997332,2.506901627186922,1.3579477546792025,6.690102600259571,7.3148973177337915,-0.5425354864049364,-0.5418129114590953
1.25,6.259518019510071,6.7314049161432825,-0.5314494181090658,-0.7135796155830489,0.8383039869107278,1.5438368617403917,6.272383343924097,6.77223052290422,-0.4623419278282553,-0.5974197277847231
1.5,5.948763596691361,7.334100940604104,-0.9582998786385725,-1.1862765515428393,1.5409469379384086,1.2707927699131583,6.006508250903996,7.349711248810418,-0.7638801104745065,-0.9910841947024024
1.75,7.465226068767806,7.607383863441385,-2.0090425716802027,-1.6698562098939544,4.827778952823918,3.4988345465209107,7.512605382514264,7.639749240618136,-1.8019555431777536,-1.446200277461774
2.0,6.0878346714743525,7.229496366451951,-2.1022774823261106,-2.054075428141248,6.240464321431373,2.747122358474482,6.127404733346777,7.306089544271559,-1.7009761404534056,-1.7048023782768897
2.25,6.606198110656545,7.184073248622546,-2.271303684431013,-2.6796114230196997,3.6538128555883733,4.074119881845627,6.670269526967478,7.2659689621878325,-1.8579186601177495,-2.3194896447954028
2.5,7.88674980934485,7.549874823298115,-3.563399439003925,-3.119450184935123,6.4066913841541835,5.5690483184942865,8.061981683808371,7.674158218414069,-2.9131673075933877,-2.6848828626160097
2.75,7.320253461745617,7.919938908231479,-3.2932931949311723,-3.1317389543256344,5.878946484696681,5.539076855585258,7.519759993234303,8.425083210275162,-2.7550778747498508,-2.4887725533783973
3.0,7.452580114119522,8.10973821806239,-3.450385261012868,-3.5941852280715083,5.542967447464836,6.038164691455403,7.720165170620084,8.371625859748413,-2.484088912337602,-2.696656775679411
3.25,6.344815457902674,7.184970611085067,-6.991860376251367,-5.696829715515632,4.667781392205465,6.340813496137787,6.550744380582084,7.915228025744604,-6.3760730735166,-4.734902393557853
3.5,9.041268155738026,8.164284856211175,-4.010287972697228,-4.4977879363304005,5.808982658797105,6.627211382869541,9.210003457973311,8.940375193879191,-3.1375564107119174,-3.4762971518779384
3.75,7.086424968145769,7.87772493717231,-6.476113650527379,-6.138921250087304,5.324001243614902,7.524511496097895,7.599142639657299,8.791142689139788,-5.506031007958872,-5.087108143149749
4.0,9.249314559708811,8.944743399802267,-7.292749767872731,-6.683469790528317,12.398709893286737,10.737571802775262,8.330483297610888,9.192871172001336,-6.524511184406361,-5.515521790132655
4.25,9.033847404627014,9.18058282877135,-8.588525390893981,-7.645733791232907,6.847616012976866,8.76936713803784,10.010060214842149,10.34338394827038,-6.676110126749414,-5.542368565897013
4.5,11.722922065311252,10.061681055187515,-7.843054906158706,-8.453367732631062,6.281130449009035,11.878435389706294,11.068519249347954,11.282602708403584,-5.665191542414207,-6.193478944919305
4.75,8.625913769758633,9.07138795671914,-10.311985394558322,-10.32582989609484,8.24387090329469,9.592778835116185,10.261513279767199,11.204425779557706,-7.367308910075064,-7.694836717016418
5.0,7.346992171631288,9.658036595552684,-9.388719739102655,-10.401899887622132,11.739699106988326,12.469732327979964,8.89941581472575,11.658449557477459,-6.764142977483627,-8.059566105028551
5.25,9.798887905305508,9.899910676736575,-12.487780830914062,-11.63623419018515,18.345666376022717,15.783368748138962,11.546144347902356,12.356998515478356,-9.875205391140973,-8.850522088406766
5.5,9.60401870470405,9.762372465785202,-8.909251338090066,-13.191217083309617,11.446292185111703,15.756062691264816,13.739966301117578,12.901194093927511,-6.01902984690164,-10.06774967343586
5.75,8.966598323854011,9.61445009511058,-10.925915090776067,-11.868580759964155,19.22279607865838,17.281370892609676,12.622483412347343,13.253160102771494,-7.068288133381543,-8.594494055559913
6.0,8.882652005449511,9.949318259302231,-16.19571632330983,-15.364938563459422,18.529140944483316,17.317017408425173,11.944639928950087,14.173443447421885,-11.862430124560381,-11.645317543422477
6.25,8.567752654015132,10.085720855520275,-16.66253687300117,-16.54291562749593,17.46818135382847,18.45055742244309,16.940710534791453,15.547682252983279,-12.665777736927232,-12.458641713836172
6.5,10.94698994625913,11.15476179100433,-15.022682215537003,-15.783079712815816,18.993282293759165,20.437586058049614,15.216823853812047,16.0369529570956,-10.070627208483941,-11.48234903081763
6.75,10.122216386642451,10.755231139440719,-16.804121292451626,-18.45358376487423,20.631588215005,22.207455427132334,17.142151480375148,17.380430987386053,-11.550856372483127,-13.200843343813213
7.0,12.074840306214984,11.53519561590843,-17.8367733387132,-19.52881211863121,35.485396494604004,26.876407670560916,19.288540182886923,18.587594216164003,-10.842306531285757,-14.249101510704836
7.25,13.175541230612085,12.243813614236654,-21.312253045197373,-20.635713048372455,18.29707539569477,23.88815973552898,20.261989126253592,19.725932755243882,-15.187679456845698,-14.529975741022277
7.5,11.180644771955192,11.995618414011375,-23.41133313242835,-23.310847023098688,22.123822470312756,23.778149610112486,20.091472623761327,21.07184572116125,-15.891506617925097,-15.602274160785598
7.75,10.012157946566013,11.720360810962458,-20.972008863934928,-23.333838380794226,22.41707910646992,21.84284398226022,21.60273360477046,21.67654135156741,-13.361473756629682,-15.429050752849943
8.0,11.383125871467904,11.77892388148579,-25.96353776359034,-25.746550206841455,22.449054697444954,24.776926529845284,22.01923803062768,22.853526072667893,-18.4537901368658,-16.559261318131178
8.25,14.084715979481967,13.482089501338354,-27.856636845940272,-26.99157235700653,25.017099554181748,25.543550234351258,24.39704815784812,24.303609500972836,-17.799389861804404,-16.971564549402178
8.5,12.967924947193305,13.374621269697961,-30.21377149777154,-29.405231948535825,22.474666723143077,27.326589990811428,27.87744210402471,26.705061695105822,-19.813829652466257,-18.621199874592424
8.75,13.11630536201787,12.889217793893069,-31.89193933907971,-30.772714139396854,27.08076394271911,27.65713857656555,25.526675832248703,26.301169804216684,-20.773877223423206,-19.571315121016617
9.0,14.941648275798473,13.077096529458771,-31.310723565259703,-31.4516592383985,21.521345149853968,29.064376207570213,31.34422322524342,28.84819905357869,-17.958445389653516,-18.714305881613022
9.25,13.24348301696381,13.436259375920558,-30.23179768413688,-31.8132552844722,31.722238832241953,29.321840452515914,30.550231602383786,29.725862236085348,-16.417828249983398,-17.781282616644617
9.5,13.358935727219745,13.64988462929528,-28.578528996230915,-31.584705577089977,32.36949758269252,28.763822059187703,30.3797617041606,30.250582809030792,-15.146894654901022,-16.356690346369014
9.75,15.065947842019252,14.51645952251037,-36.53243684088979,-35.175102525837545,21.62382484197332,27.47477751892795,32.422087318792656,32.54271167625606,-18.47302633155408,-18.028535313157658
10.0,12.685483633471703,13.206149343736666,-38.925435593424616,-37.51084772806992,27.031006441259734,29.292504933398448,33.3940703936101,34.05141564273458,-21.400205047911918,-20.101864612740094
10.25,12.359355042460015,12.705762644423594,-33.96487153902039,-35.393974966297975,30.08471333191207,28.61572019428185,35.15986796380091,34.27533166110306,-17.56001831309651,-18.55123172266486
10.5,12.522402383284344,12.95387149278559,-40.09786968687311,-39.34093048330605,31.992058819795854,30.373057976002734,35.382079875014504,36.38123554996253,-22.083940750093586,-19.46227099151829
10.75,15.815754656403996,14.574070482594662,-41.85702136766368,-37.37533855287353,19.19317753899997,22.135012466521125,33.67486425992277,35.643558730342725,-16.56769327472328,-16.54245158945182
11.0,12.997515197554167,13.91801489713204,-34.91085334074913,-37.54984336112035,17.057467403069612,28.132592683711927,35.79230928824133,36.49397081459422,-18.959602208918067,-15.605573506543466
11.25,14.604620896700418,14.123535122529555,-42.679763393769676,-41.21080941990116,25.665009756123034,25.818534950846995,39.923797960134664,39.495308323356156,-18.613017767786495,-17.541540978881905
11.5,14.402613273014426,13.501102205659851,-35.23506084640945,-40.47520759296969,33.58019426823065,30.047939602655006,37.5765094160973,39.67093518999421,-13.4534586413583,-15.357067444621237
11.75,11.875809340341336,12.553652605395929,-35.15530155996448,-40.24690901248968,20.208925441395067,22.66661876861459,43.580942492351426,40.62924195807058,-18.291671052022604,-15.901972435979138
12.0,12.037798078924883,12.510516874205775,-41.47914937453009,-41.51061184392478,24.99678545105608,22.63507214619866,39.71970030183913,40.71881045223736,-15.244544956935401,-14.770502053825034
12.25,13.10145211271491,13.164261591309618,-38.92904203938443,-40.53337377021188,27.39144533383603,21.97203235360746,38.15221881029043,41.171124581294436,-10.104246955820496,-12.132703030198586
12.5,11.373972532615712,12.256071696560376,-44.8885878056608,-43.83927035398679,5.917014503248674,15.73580612080251,44.81067857184208,42.732017175314496,-10.91417285235543,-13.994312564342017
12.75,9.591033701671316,11.333367107358448,-42.51177165427836,-43.09994868534293,18.745875018909732,18.691480627856908,39.73991286585352,41.631949760892525,-14.336916249779467,-12.961225778422103
13.0,13.239100060545642,11.405162951766133,-40.74480760265408,-42.40721587892294,15.240280492786423,21.11682131346575,44.005613236405694,43.20343121633309,-13.408500159373453,-13.21137842097958
13.25,11.592619804122243,11.451689305310605,-41.17922954240889,-43.70195849655614,7.1839256854048115,12.41129385515512,41.48224586735716,42.63646337211986,-12.107375529958677,-12.013705047467912
13.5,10.649414740122321,9.761581613309367,-46.39443017042919,-44.53639021650427,11.726754288756656,18.301916525660097,46.429889310724064,43.48317236691491,-10.674351379781484,-11.56837838285955
13.75,10.521211769693304,10.555913061534328,-37.87286018630107,-42.761324174066175,15.303591423474304,14.054386500199534,38.993627334086334,42.32767678767479,-9.962784022258205,-10.003516351945308
14.0,8.565038419644614,9.176445618759281,-42.092843093653755,-42.628863189668195,6.244744190784635,13.135517898950056,44.08450169248429,42.534571380341916,-9.606704643684582,-9.690890585315241
14.25,9.689972849134632,9.942686304125122,-46.88687737980718,-45.458518332253675,7.654900779877814,9.576926488782277,46.18445480808555,45.05098749609641,-9.463036399023574,-8.971947712659347
14.5,8.343697720994426,8.191611503915475,-40.60781439028774,-46.23252245393023,14.535115747359734,13.885470634650696,40.91101209341871,45.838392424383386,-8.987084372995122,-9.46466376555615
14.75,7.67489603658532,7.4312083901390436,-48.16401270354783,-43.41287134734507,13.182602901418294,11.86617541315157,42.29783801206581,42.972887072679214,-6.890676407783498,-7.3982235542632555
15.0,7.905772069625505,7.414156770757577,-42.25800396079623,-44.25996178103783,7.641103964758626,9.278771043090469,42.3335162697165,43.78150785875673,-7.829416736070579,-7.650469871208883
15.25,6.946709046871648,6.0899322891636265,-49.74280160629332,-46.89422102102343,5.514781030371221,8.230127532331311,48.67798247228772,46.170762900415106,-7.6872269683299415,-7.765622303428545
15.5,5.025968442441443,4.993718610084451,-43.94283907445865,-43.71227675991477,-2.6500074946319043,2.7690268805968064,44.49287124574732,43.8849804671231,-7.216731896217235,-7.10345739195686
15.75,4.7403694285522775,3.984958359991988,-48.27796844561079,-46.2409953471041,-1.331344560568069,6.715449812923447,48.12459828439945,46.300071043517626,-7.346227872380491,-7.7818082596031495
16.0,3.5925018081544624,2.9666490932995906,-43.557784435917604,-45.289459133102234,-2.4249268023150696,0.29147569340471363,43.76942544107679,45.022155180668605,-6.711384743152226,-7.282259302352316
16.25,0.48096122841083966,0.759156381285615,-44.96587975709185,-45.76743297338017,6.362614752428457,2.665539648777395,44.56285580619147,44.74447199814013,-8.301219333318826,-8.134093663829185
16.5,1.0808973065153584,0.9434084959736149,-45.2370052499067,-45.619140160016144,3.6768047288126966,0.7017989680135606,44.288102920907924,44.86072977194921,-7.075494971300721,-6.857966135478646
16.75,-0.6394123265380903,0.546033914449848,-50.40593888695532,-48.84062552971871,-4.67519916567583,-0.4160249825765714,50.259883050258914,48.28725395012836,-6.3853956558619736,-6.291039343126343
17.0,-0.6742385679382671,-0.3948246468164692,-49.36485616215459,-45.76024615676784,1.5901929169796332,-0.020610951865551508,48.95695229970099,45.2383963085301,-6.488708590732865,-5.956469568176605
17.25,0.4979175503890424,0.2681613728024621,-43.72830291846521,-45.7406485574636,2.85341220681106,-2.457482913570436,43.672814284921564,45.69578874728612,-3.7684795176953654,-4.017470626781313
17.5,0.03430177069710449,-0.02828259170969951,-50.46794160413577,-49.444486935720796,-10.065174917709715,-6.322176674095793,50.04175175859619,49.32517608342833,-3.029722770943837,-3.184974280261325
17.75,-0.29178326964641393,-0.8533924095809489,-45.63223364731349,-47.449548822471,-5.756601876321523,-1.7405001786569059,45.54361266634917,47.29523381045858,-3.2159058597605723,-3.1047047983911216
18.0,-0.5915289383064003,-1.0866931076326247,-49.57135984979517,-48.36620486994754,-6.334242447513431,-6.748725697853699,49.555970053463355,48.34261852963709,-1.6053113402160328,-1.8686177153308723
18.25,-0.4369772330236056,-0.48681818968895707,-46.451017416811915,-47.912810709090884,3.1897125781554037,-4.400467180100165,46.46288430494543,47.92535603196481,-0.0249743586745737,-0.07335574317567162
18.5,-0.44024159198288026,-0.8201175484846676,-48.29355155075837,-50.36804174549914,-11.382117140518718,-11.813826938824445,48.39459397546852,50.32371616465042,1.217688004933339,0.8400444089544208
18.75,1.0208769869959045,0.01243365482135933,-50.9986060724142,-49.33378378832677,-1.8007702760709186,-6.689541183914665,50.726714254777384,49.43025657537448,4.110894050320885,2.801307852861603
19.0,-0.3119765938825651,-1.0087186975584,-52.54913717700464,-49.792808775498955,-18.82490638643558,-14.94290976700086,52.57902550215777,49.52631996503503,3.5586446131855802,2.704632710030613
19.25,-1.735915868416625,-1.2653207851854715,-47.280599675991105,-49.301243491877074,-5.594398833002219,-13.784439233393236,47.28747870959885,48.8677893997109,5.069750181048711,4.6654026692585955
19.5,-1.315989740046507,-1.3095228884492023,-43.452876740693696,-46.9233666143698,-13.47015950574301,-12.899738585950725,43.5685302086065,46.748910378611306,4.907840661193244,5.090614229020007
19.75,-1.4799444403997912,-1.7572464659833154,-46.462855821208926,-47.5718803042502,-13.11442776701071,-16.120318643828178,46.15375633670972,47.66618678817423,6.758228100138242,5.7216053581754345
20.0,-0.812409040363666,-1.4174524394169161,-45.43892836671803,-48.832615770000174,-10.427036590442214,-15.473811369079673,45.44916689754958,48.1409985129838,7.790885033464546,7.313543221704948
20.25,-3.1113563031676796,-2.4549425143758103,-47.49061482737905,-47.77911913398002,-16.20577967080456,-17.967661611853334,46.87825131270849,47.72694224951827,5.965353534154303,7.518920930578728
20.5,-1.7286694083510856,-2.0482756219974663,-50.85773981321593,-48.679933604664285,-21.12014829225984,-18.24223048500488,49.94820051117535,47.852257405115786,8.649883744958098,9.147011569719684
20.75,-1.5535900999622583,-2.2672683112752052,-50.513533838381285,-49.71265647154307,-26.643627563033462,-22.306920651233035,49.50480789350381,48.42003017778129,10.213636706182452,10.086065372492314
21.0,-2.8313054411430323,-2.7505032692503395,-46.56430941072539,-47.17838123980641,-13.404013962648408,-19.31766471311576,45.72702985545006,45.98379480208431,10.477350569144926,10.334355742679827
21.25,-3.361667798822097,-3.1084314952432655,-45.39942115128165,-46.116637019352986,-10.247386032690724,-16.586664704584365,45.48416643334264,45.27779850559203,9.63142610305379,10.771401458393079
21.5,-3.1838236123853036,-3.320002867260758,-50.78137332352919,-48.098875044641204,-17.18261997514762,-22.563236173694982,48.66940843123256,46.67177210022716,12.480288806429654,12.533158905922306
21.75,-3.496478284929452,-3.9345319701186448,-51.44196725246292,-50.16845883334875,-26.22212703060719,-22.744853515318773,49.84855980639629,48.7572159432453,14.617199390913083,13.280780429148956
22.0,-4.294541836328102,-3.831095614017439,-48.292392922320055,-47.91856547274163,-23.717918547420656,-24.371876529117415,46.40097342154589,45.60306828634093,12.83069339357099,13.331370711094149
22.25,-4.260838890356612,-4.711942426798627,-47.60452530630034,-47.355723279738356,-25.134168060734808,-25.913820009654444,46.19268477350887,45.99382821267488,13.107793847035005,13.694450636922378
22.5,-4.803023523675202,-4.803887495713086,-49.483783169897016,-46.719808064775286,-36.123177535220705,-29.294997698027135,44.591998326997,44.228266974157066,15.630384440293318,15.14999788986434
22.75,-5.211040031440602,-6.058535886779674,-47.7852360115152,-47.552161658760326,-21.933319351878957,-27.520733753607146,44.907373748371455,44.80939319319917,16.299344957838393,15.801994594732388
23.0,-6.369160848272614,-5.504139171789052,-46.364468395212526,-46.48923523692484,-26.609299346100244,-28.770212799198127,48.023786280314496,43.582290795121885,16.281552868256405,16.80602437347916
23.25,-6.5314079127964835,-6.49478166687589,-41.70707158032514,-43.26393316480605,-32.90582242008768,-30.425718784682353,39.55257787183495,40.9167260139117,15.546741671845911,15.220650854878604
23.5,-7.764823084938916,-6.914723389345385,-43.25342318609895,-43.966583575063765,-24.828175696642656,-28.66571003155194,41.43358573180514,41.877414769047526,14.386598951818872,15.980440940695274
23.75,-6.044633026990455,-6.847395315980883,-47.44572836151366,-43.93989685775181,-37.43746681447583,-34.03848725447672,44.07662465012315,41.406394425592225,14.896323408128774,16.278962046172254
24.0,-6.980547594128764,-7.799960933826403,-43.75903438131514,-43.2713643177252,-36.286874157731184,-33.78047888908516,40.116370281984686,40.31842065206369,14.404916043525896,16.56655372589806
24.25,-8.833250184626822,-8.234407913846574,-39.678191212678115,-42.52568717479045,-28.191655273343223,-31.857051667339185,36.85861617595165,40.251414622453204,18.92331641971616,18.132393049149684
24.5,-8.722809080715688,-8.752375841899596,-42.86535010086545,-42.301903565760696,-31.611484698031827,-31.76882152185385,40.728581000920514,39.2657218456649,16.32510811275011,16.952702652031277
24.75,-7.487198617516505,-8.71045633528195,-39.61100271951531,-40.266932512887294,-31.931336243046385,-32.14435482938936,38.418513049084275,38.02175654497324,17.822661565917766,17.26362791264591
25.0,-8.647216912080983,-9.097451297093956,-38.82695591819171,-39.94983279697479,-35.00631057963073,-33.35070029851203,37.88834160478547,37.37518544869299,16.51820097352282,17.147911043528257
25.25,-9.661622672990488,-9.479799453499131,-43.265292339052344,-40.45835710888066,-22.636118016963778,-33.70084289017967,39.7637351133757,37.03020950740212,19.559215935347346,18.723692346943388
25.5,-10.273571994505584,-10.244152237636708,-42.39527070868437,-40.367804376845456,-35.803433310823365,-33.51255864652613,38.622880538687475,37.71078426976212,19.028633084935638,18.497930622484986
25.75,-12.287804143768465,-11.270961431852236,-39.3299265575946,-38.328766191051784,-42.25096350205139,-37.780337824241315,37.007002227162694,35.85985137122226,15.983835605218825,16.5402488349861
26.0,-10.669143242725461,-11.260796010337504,-37.769585803553994,-37.588085566215355,-43.941194140724484,-34.628152538435494,34.890924370347854,35.49715076451038,14.689825357287667,16.79968962120927
26.25,-12.537584391420706,-11.780637815031515,-33.966965336097616,-35.42239290365555,-30.317437826180964,-31.710382813849748,33.24328500547003,33.32503568518223,15.440987389580837,16.47244173448891
26.5,-12.825243468964603,-12.437723085218266,-38.40593213921461,-36.08736688321852,-38.662056469724284,-37.944569642992356,35.04485610530068,34.15975356366641,18.837712373452444,17.59230492968816
26.75,-12.14319763073283,-12.711372307490084,-31.242442403324798,-31.732030289895576,-38.0319270449983,-34.84109166468481,30.416536762749125,30.942631981186164,14.004110164193753,14.445220255692625
27.0,-13.797570161790585,-12.861183783826664,-33.76202653981795,-33.85308362829083,-32.15257435311226,-32.634848157653465,31.539644701058766,31.34922176308197,16.34779235699889,16.967485488955703
27.25,-13.441267538686818,-13.45241252508928,-30.290777693696207,-30.382618914828488,-31.067238359675855,-30.88280112312693,29.500563833763753,29.866856228041144,17.07743499063665,14.912338253716065
27.5,-13.642680689465156,-13.347867162511388,-30.690424114914457,-29.89906850963618,-32.81541215619642,-32.48391448396967,29.02295572438962,29.10425895172655,14.682341789086824,14.355693580512039
27.75,-11.9111613532383,-13.08703229056944,-30.571190689301325,-29.93259148839835,-32.89347735165617,-32.22328826679929,30.339562688412222,29.43205550689365,15.825607201395536,15.404419855359544
28.0,-13.946160764612232,-14.218160688441651,-26.9418371848061,-27.962320085884876,-22.73833604517181,-27.37144053868395,28.589356903539343,28.29261724864409,17.737936439810827,14.393092798908242
28.25,-15.6376143415434,-14.838161313191923,-26.878628100242732,-27.47366968349263,-22.328783276490046,-25.554655297742173,27.798112489399383,27.931563251945672,16.005870514827258,14.139531304960807
28.5,-16.74310386416329,-15.627060256248377,-23.00843528090681,-24.733670255319726,-21.11694630335267,-26.099928875709555,26.872755510273095,26.962170812954845,13.322469002751438,12.711580775748118
28.75,-15.518864940612273,-15.391331642813995,-19.78410196339056,-22.12997774090813,-27.646160784489517,-29.799960719565426,24.172564591071573,24.643381700209407,10.155847638392355,11.019339598510992
29.0,-16.02604639786052,-15.960598559747876,-26.07862200072837,-23.74157585380537,-26.09412175734634,-27.572255568467586,25.062038331520245,25.39879896562217,15.335174157629428,12.184069943619095
29.25,-16.52763752000548,-15.98059661548935,-20.345996462206465,-20.928152423843905,-27.138977029320916,-26.843008414544787,23.680535987836823,24.047241436547175,9.695303724976934,10.164698902708277
29.5,-15.685521094880377,-15.77478447257061,-19.613402934233704,-19.205002805730693,-18.678661491837868,-21.45356848286806,21.22451029323568,22.757910245683384,10.725111782924973,9.845952355090208
29.75,-15.43347394244704,-15.876579044723233,-15.747997278925125,-16.82198580880994,-30.202283364781273,-22.45838220653973,19.697645245637112,21.532016102467825,5.592820362191825,7.766543795165814
30.0,-17.22204368783518,-16.924835896086034,-18.162080181549364,-17.695836446918435,-15.412833912382139,-21.59807676218192,22.318352337381825,22.749185448507326,7.385158092318616,8.748989399026035
30.25,-17.554602483805482,-16.778475999777527,-15.917002134600153,-16.487794224499094,-12.007194749013838,-18.9472469678506,22.86745059082569,22.405237366536777,7.565455450217804,8.046179923845434
30.5,-16.07364758138233,-16.40796815812748,-17.687391568430705,-16.491975030671618,-24.48318819125337,-20.8100821444241,21.322162384250905,21.49927786362843,8.681273533979612,8.67657622151367
30.75,-18.473489113498037,-17.521588554276683,-14.405343344723764,-14.281602857376743,-24.688974389330788,-20.237181758719686,22.745499748202484,22.041752743979757,6.301457265550136,6.442404090557151
31.0,-16.767708031088212,-16.75123940267962,-14.586809829106178,-13.855769873413092,-20.32607400096752,-16.45230498914043,20.987828182108434,20.903696070041537,8.01986846751313,7.315045880858516
31.25,-17.277316198557415,-17.155115110792114,-11.044054120728074,-11.388734728515105,-21.27519855560027,-18.43582126960079,20.257635695701996,20.213106492958666,4.720621083255517,5.150784281415289
31.5,-18.13144248070712,-17.830328904516588,-9.275234046763194,-10.129741796682012,-14.334466901721857,-16.55479511029484,20.455107880256605,20.29994428146447,2.8247223456195396,3.736045285125628
31.75,-16.37379504056056,-17.413869788147636,-12.741872945070464,-11.17682518913114,-16.140040499459698,-13.196143993059218,20.080802282664205,19.841019976613822,3.565369473495165,5.140937456192116
32.0,-19.14164514104856,-17.684491057357878,-8.602223432280423,-9.086109594982807,-5.15999047025264,-8.564858759864727,20.666994059380837,19.78859299710768,3.4411619922624683,3.680442603586195
32.25,-18.30977596980376,-17.720136504454125,-9.52585747139956,-8.711151305221822,-4.283339651261936,-11.161239997704737,19.7082713215505,19.22745576689229,4.610620952197443,3.8917073653677523
32.5,-17.289197147616704,-17.009997825567016,-8.896422718427418,-7.115161606559486,-7.3235495144081755,-7.8267336938736305,18.563409803159995,18.238470941530387,4.507447971017253,3.2873887230744616
32.75,-18.391319654719467,-17.69605684802881,-6.239139679291918,-6.6970528130583,-7.553928599729604,-7.303137638396397,18.43160570435858,18.282610055810654,2.500901150394268,2.9395455121425367
33.0,-16.95628227217452,-17.485711153182326,-4.308750761462679,-5.319022973863974,-10.795917351314388,-8.514222576286478,17.41807660420705,18.237940940389493,0.6891595184871621,2.0191904988945355
33.25,-17.77602779422044,-17.501465511808465,-2.888919077583336,-4.346550898965242,-7.884962770477673,-5.876670319581918,17.49285643349575,17.73931922429336,0.31564511357342145,1.6263576124691974
33.5,-17.802995399090374,-17.58213647944575,-3.2524786349530133,-3.8305856429839826,-3.2176514699449297,-3.208363575119277,18.029457791296807,17.756790596526606,1.323055012875042,1.5419555080804932
33.75,-17.526881078090675,-17.338032569153523,-1.3749862488890978,-1.5793741670520443,-4.047591999181732,-5.633040889776909,17.589839304298973,17.483869724664054,-0.5395130510302856,-0.41225981083203533
34.0,-17.811899813678007,-17.371645569707038,2.3538906048926433,-2.600144157021112,-0.9884639464936046,-4.650690431467693,18.219815443311848,17.423458546549128,-4.176935465166248,0.8376456577361413
34.25,-16.15079697072728,-17.132952199486155,-1.0150066907353412,-0.20183264387114824,-1.9093693339346298,-2.597133684253736,18.26815658234649,17.266496108042734,-1.1449540807645464,-1.1556278767946577
34.5,-16.633412662710004,-16.657639769516052,-1.5893822652425422,-1.0024727952152457,5.168733205909115,2.876867185561303,16.634061773826176,16.833442376455466,0.5882721406749504,0.07185747560655759
34.75,-18.12669359985615,-17.06624572184171,0.43610752624992005,0.8036359433133047,-3.154148779705012,-0.03826700155394579,18.130838310578127,17.040508637794797,-1.0305591800023803,-1.3572496407725179
35.0,-16.753555268642085,-16.961191999748024,1.0267376466892608,0.680257101441842,-4.408152639195051,2.418562995105301,16.81363878799462,16.982648728500486,-1.148274348303469,-0.8045985283246797
35.25,-16.361363059335815,-17.047321734046797,1.4878655101613267,1.3582108127675068,4.458235408432876,2.6969742900422293,16.496737911699025,17.06206240770761,-1.2125669664910401,-1.0910510237920654
35.5,-17.38528184550776,-17.215460460504175,3.8632130592509446,3.3955169179282976,8.17673207457751,5.918533451983929,17.07670802839048,17.15586774986357,-3.337692325535386,-2.7205642898790616
35.75,-17.325227393149856,-17.420582319774738,4.261003550783239,3.4879047369032925,7.849213113337643,5.930587556385589,17.343218237981635,17.609188410873365,-3.3165399347572135,-2.5236517246741776
36.0,-17.919490779252385,-17.324733588334464,5.654897783498904,4.589450426330702,-2.1885992067806064,8.13638853004915,18.518478387222647,17.77116933473259,-4.406214026090819,-3.291180163572487
36.25,-18.076461138841257,-17.93835061408728,0.684536245529568,3.1134864352327627,5.54513382607098,6.062007995583634,18.329621087050487,18.270151804338717,1.180251873219839,-1.3096120848112165
36.5,-17.916419904666316,-17.769736015535436,7.601837771116859,5.4382881329101105,10.048780263093997,7.320073037741382,17.432302011928748,18.047601137078424,-5.3659889567673495,-3.0214621580183976
36.75,-17.215468102661482,-17.71577813757216,6.805056766585234,6.217968671608328,12.305273772691487,9.628995802714941,19.341592498349222,18.486387759590176,-3.994747136446372,-3.43018856601954
37.0,-18.32754782285935,-18.022632543309907,8.120927833568429,8.208872919509824,20.403946593090453,13.014041756327128,19.41583434798632,19.06722039957613,-4.7418391866415375,-5.151923692019919
37.25,-17.95148863050729,-17.47769408238476,8.110076638638184,8.754506933271575,17.60173420551488,12.75299138888131,18.961985160227947,18.796799302856016,-4.376010190049822,-4.996039874792526
37.5,-17.879660061714116,-17.824560195559897,8.031158890335337,8.680581416968021,12.01238887008206,12.700297271158238,19.132225903497577,19.43992876568812,-3.6757703225519975,-4.593648191497001
37.75,-17.683785141584366,-17.56002447527934,11.13221561132849,10.276934399266345,18.49286756768115,15.66193400644418,19.77380655632754,19.440535725440544,-6.874967463782437,-6.160731603770175
38.0,-18.685569614734924,-17.60106577141365,14.344175396094098,11.84246370595687,20.23430265436721,17.52352492880058,19.27257561698391,19.823472321692208,-9.508683507755842,-7.0000795683684185
38.25,-17.71271438363825,-17.61800447847773,13.20150220527544,13.199202891262232,13.642541883318636,15.73948790180982,20.69724654634564,20.651190826482065,-8.824525285961453,-7.894289511470513
38.5,-17.40581743497814,-17.549959821288148,11.77573837948335,14.633694543804676,18.486791158128106,17.475116176881187,22.273050393248294,21.481762289617095,-5.821628926648844,-8.855860872571366
38.75,-16.898954333845264,-17.167061710127456,13.241155337491561,14.180937993263015,17.15173619959879,20.94872209122851,20.466039113539953,21.072248450490264,-7.093019543626955,-8.031060992977071
39.0,-16.55138679943567,-16.937558607674056,16.467946682534723,15.934451196861412,23.61349189146009,21.366121944901316,21.940926797429928,21.569355256055253,-9.725815663160677,-9.027945130749533
39.25,-17.3636416869362,-17.22677048760975,17.501221435579087,18.35731681776821,29.44136534584081,26.522749501005045,23.627352907955387,22.871839145415393,-9.339703729962979,-10.448941531191062
39.5,-16.826999237630456,-16.781209782912992,21.062735739488264,20.636933085115448,22.55878393235968,24.957845745599663,23.24676415759216,23.2248538810524,-13.396854442882551,-13.056300830505297
39.75,-16.38385808201749,-16.638618600168748,19.802792337935166,20.62032944554108,23.274569117806994,22.986196709213015,24.025338219634666,23.89450046118658,-11.96955471915161,-12.394480595913858
40.0,-15.38689186842932,-16.55784883759992,18.973047969831693,21.39116367684111,25.653118577228156,30.38262495123549,24.751771602486418,24.222468383474663,-10.619477203268216,-12.019713097093057
40.25,-16.286988607647675,-16.151274596372833,21.425152738536692,22.55978582567775,24.559999491446106,26.964060262142716,24.744180869128463,24.648640230754367,-11.765278730772085,-12.968488479462668
40.5,-15.99065134231052,-16.273410432182636,26.48009340678199,25.687231124672007,31.475750318286693,27.039501644830494,26.377463602039757,26.395090140916132,-14.305068097736504,-14.757726139784559
40.75,-15.472979000224647,-16.21787854909511,25.06288906106547,25.97244448716083,28.71853304625412,29.695854168773167,25.561677864901228,26.58745018066152,-14.29078562316482,-14.822763124953983
41.0,-15.477525100359872,-15.40008823071772,29.42828586921377,27.87383815136646,29.146982403576025,28.25199521106289,26.489658688787692,27.37398774461364,-17.489835862449876,-16.4117347418232
41.25,-14.670219303608274,-14.916983430676625,29.085371948526753,29.1838631296336,33.797223842494006,32.03644515914946,28.48266502753409,28.461512195046687,-16.472539692723945,-16.959035840191007
41.5,-14.888316360620728,-14.953424432929411,29.988838281405407,30.384417583617676,33.57432247117316,31.860245626708306,29.568078193402357,29.214913636328404,-16.04591489301891,-17.34341572851028
41.75,-14.319716796543473,-14.745838344944367,31.399613071261374,31.22062511051672,29.532420254482744,30.176469549904624,29.42556791368653,29.679301185982133,-17.4117587471912,-17.359668467607595
42.0,-14.504814571104713,-14.15464044885417,28.143296570999244,30.756018010014508,30.195587311031453,31.70179247734508,28.71118499762249,29.793464161314006,-17.132805234160063,-17.18578276713369
42.25,-14.291001272136539,-13.654936814422449,31.92715072955286,33.17652117758146,34.06346465988116,35.06400258547748,30.71566503746261,31.165985613378922,-16.595179324727003,-18.155134896547743
42.5,-13.685602418521963,-13.146516377340994,35.2702347643313,34.529421652846,34.15578070983997,33.590959602906004,29.626035004777638,30.866073892660417,-20.8235202626151,-19.718449337312098
42.75,-12.13583012874376,-12.693390026504385,36.53976257090666,36.455528472105115,39.71840763133347,36.01073273912423,32.84622528860961,32.84938264010327,-19.70432990049174,-19.81453726837776
43.0,-13.241432650527063,-12.507259948367196,40.46237203012909,37.64818341822187,30.555247339686375,32.67997488304286,34.743263368931686,34.338997652056136,-21.952773123175806,-20.524281628747104
43.25,-13.021949716853335,-12.148969934877707,37.78560057064894,38.032334002191604,30.69340036527828,33.6730435034085,35.5444182753362,35.02397645695923,-17.75414634681923,-19.468157569312595
43.5,-11.737084007659217,-11.735181441080414,40.055958745195966,40.01555245009769,28.301157767078326,30.180736486657388,36.60474995003484,36.41352754238012,-20.095802612290786,-20.61485799078449
43.75,-10.906967067912174,-10.870865515143219,39.62014273340412,40.12619474118987,42.33403315154797,35.915800517795205,36.06609722927138,36.30667334687527,-20.77359508534942,-20.72050628860938
44.0,-10.854525903964024,-10.6849064934732,39.90739855689362,41.3779042117941,34.783926116402874,35.98426567580493,37.35131044909814,37.358220849439114,-20.194297316400263,-20.827713815717345
44.25,-9.14156106852159,-9.842984093380862,44.22762775278133,43.563639979622735,32.3853465818936,36.43558129855018,39.641388110172144,38.93511535160671,-20.701863808355345,-21.892141165173427
44.5,-10.252445846770637,-9.557248128179939,44.37846827011167,43.73240979455914,32.2457344081503,32.616160543911306,40.3065113523624,39.65046107173205,-20.63488215960977,-20.9488136775364
44.75,-9.51513682199492,-9.261660693091947,47.409698570591836,46.3790635756014,37.3727014164567,34.54848221768635,41.41117034202028,41.101675888052725,-22.41436067015126,-22.066593943382145
45.0,-8.001295755574395,-8.237232846966347,46.549849915098264,45.921399076280196,31.741928646779595,32.030098792918835,41.63204126633255,41.06917114859082,-22.40846386534774,-21.757893366286115
45.25,-7.552044974106858,-8.251699123163098,47.27667328063926,46.677542266506364,34.53539714297331,34.68802375562883,43.822085445722756,42.624209057462195,-19.437417719869764,-21.140331326488642
45.5,-8.379363575798697,-7.822361232202476,45.50813527587713,46.12613529621393,31.350082839800642,32.5724830312591,41.83728729512446,41.836228599223986,-20.83958306977814,-20.51390918634155
45.75,-7.244091326699811,-7.656829281979817,44.74654183932646,47.640434577690314,29.71270693749733,32.9826035980783,42.89954617711512,43.579044992102105,-18.773703736970244,-20.412090643390083
46.0,-7.694192204893953,-7.511423553402505,46.28730835388086,47.70312717894926,33.128257284498794,33.06773587835454,42.669189460142924,44.054752927675594,-19.509105223022463,-19.92821461957896
46.25,-6.781486084137662,-6.826221417306668,51.26797785988579,49.744246803753725,36.17798056034389,33.985136439298486,44.86327847066097,45.720235792922026,-18.381489626750035,-20.32658643658887
46.5,-5.885856921958847,-6.0501392535749305,49.58688410943241,49.91431328321143,28.982670542929956,29.58963534795849,45.48401121400494,45.78340514439947,-20.02609510639148,-20.187225440325108
46.75,-5.6359439494451005,-5.877546674909306,52.643417341338164,51.32226066556039,35.668037881984986,29.313928259177374,49.03738513378898,47.61563142249962,-19.049936905720667,-19.380288867914437
47.0,-5.049639300367358,-5.095372801806528,53.036314123921954,51.85309255581289,27.00343259052558,26.73454291898126,49.276402983154796,48.432143943837744,-19.594567077950003,-19.3668886141436
47.25,-5.606376292580928,-5.111390907190415,51.958819717484836,51.23680234150541,29.323560274500565,27.48800224209036,48.39804684541354,47.865479860773256,-18.318777216082925,-18.657977601498732
47.5,-5.468704146404299,-4.838125208498194,54.24704390254228,52.5376361981465,19.50862750993772,23.731718817960427,50.79312459954743,49.58254422404458,-18.068764294816187,-17.726154673196838
47.75,-4.644562418548447,-4.2631954725724235,51.732488541532426,52.24606199526423,19.684413525526043,25.367442808310216,48.8339936124123,49.43598070634297,-16.802823189208645,-17.383250314964265
48.0,-2.9561837737407086,-3.7405307498986655,54.02135957401069,52.99551016764695,30.52568401126601,25.807257552224335,51.75784728361987,50.12221304836362,-16.757632598377345,-16.51280772571924
48.25,-3.4268646618536094,-3.5274317905223667,49.504373026605904,52.02082391727212,23.32651685979736,22.51503141060461,47.77980313940384,50.04828671279063,-15.835020035788267,-15.664665606503402
48.5,-3.0244893528556975,-3.3282114928519055,53.97499028775546,52.634028621233526,25.419290078228055,22.681380810720803,51.727009564507945,50.48416362879807,-14.58171004086488,-14.601226709879764
48.75,-2.4469823576767324,-2.9998090365590766,50.60229981890575,52.36168439484359,18.484446308631313,21.092167383237154,49.04792958495401,50.69320272218094,-14.22480930348797,-13.971747624463035
49.0,-3.099509142410557,-3.0012540032170607,57.154062166806405,54.96251026702953,23.24718235195319,22.300864285464172,55.454157276977845,53.4993942093678,-13.202658229671464,-13.014392951766098
49.25,-2.655055268988046,-2.4783739593475977,53.821815522138955,53.20361562732635,20.390808160053542,20.002752490049133,52.4668707844651,52.078576239809635,-12.486607920220274,-12.451415297674128
49.5,-2.7310791943519535,-2.6878722484548416,56.44606417100682,53.898676209740046,20.425349340721215,18.505853500781242,55.69150279318168,52.98250985106917,-10.571497288685102,-10.850609903060247
49.75,0.0,0.0,0.0,0.0,0.0,0.0,0.0,0.0,0.0,0.0
50.0,0.0,0.0,0.0,0.0,0.0,0.0,0.0,0.0,0.0,0.0
