time,u,v,r,δ,n_p,x,y,ψ
0.0,1.4,0.0,0.0,0.08726646259971647,21.21824,0.0,0.0,0.0
0.10033444816053512,1.4031627106450213,-0.0006128426270359523,0.0007258363160945342,0.08726646259971649,21.218239999999998,0.14078556035670606,-5.123632334366299e-5,7.282638623022083e-5
0.20066889632107024,1.4063139385820216,-0.0012539511877260176,0.0014250514593597155,0.08726646259971649,21.218239999999994,0.2818873171908185,-0.00014659991882979136,0.00021580813800544312
0.3010033444816054,1.4094535016505758,-0.0019217523255044733,0.0020991154201662463,0.08726646259971649,21.218239999999998,0.4233041258513365,-0.00027911469224870574,0.0004264217253130933
0.4013377926421405,1.4125812205096326,-0.0026147534067231817,0.0027494197499511683,0.08726646259971646,21.218239999999994,0.5650348323861081,-0.00044192948111372544,0.0007022832386861202
0.5016722408026756,1.4156969190914295,-0.0033315386467938305,0.003377281587141392,0.08726646259971646,21.21823999999999,0.7070782725602689,-0.0006283104620879343,0.001041140923014688
0.6020066889632107,1.418800424969307,-0.004070765209152018,0.003983947665266172,0.08726646259971647,21.21823999999999,0.8494332709833678,-0.0008316339469459082,0.0014408681135096217
0.7023411371237458,1.4218915696194103,-0.004831159908620055,0.004570597707428,0.08726646259971646,21.218239999999994,0.9920986403291808,-0.0010453795940168413,0.0018994565122482168
0.802675585284281,1.4249701886372867,-0.00561151538853949,0.005138348272462132,0.08726646259971645,21.21823999999999,1.1350731806385919,-0.001263123941239291,0.002415009850622344
0.903010033444816,1.4280361218604543,-0.006410687406077725,0.005688255535030388,0.08726646259971646,21.218239999999994,1.2783556786915897,-0.0014785343453101946,0.002985737830725727
1.0033444816053512,1.43108921347074,-0.007227591092078724,0.006221318993259739,0.08726646259971647,21.218239999999998,1.421944907441791,-0.0016853631832398253,0.003609950438745099
1.1036789297658862,1.4341293120272682,-0.008061198522452113,0.006738483902503171,0.08726646259971649,21.21823999999999,1.5658396255027522,-0.001877442424600494,0.004286052502541404
1.2040133779264215,1.4371562704659209,-0.008910535707806621,0.007240644281437506,0.0872664625997165,21.21823999999999,1.7100385766788189,-0.0020486784838896653,0.005012538550846171
1.3043478260869565,1.4401699460917177,-0.009774679483383224,0.00772864590097202,0.08726646259971649,21.21823999999999,1.8545404895361124,-0.002193047310297497,0.00578798797234838
1.4046822742474916,1.4431702005054625,-0.01065275589943009,0.008203287954810679,0.0872664625997165,21.218239999999994,1.9993440770045303,-0.002304589851177728,0.006611060342396274
1.5050167224080269,1.4461568995318232,-0.011543936708389938,0.008665326420470968,0.08726646259971649,21.21824,2.144448036006863,-0.002377407658954293,0.007480491086925135
1.605351170568562,1.4491299131563904,-0.01244743736464459,0.009115475977835266,0.08726646259971646,21.218239999999998,2.289851047113769,-0.002405658774152068,0.00839508733888185
1.705685618729097,1.4520891153869724,-0.013362515583501074,0.009554411493492714,0.08726646259971645,21.21823999999999,2.4355517742150035,-0.002383553927526349,0.009353723943580115
1.806020066889632,1.4550343841436961,-0.014288467888698794,0.009982771256630323,0.08726646259971647,21.21823999999999,2.5815488642056614,-0.0023053528202418017,0.010355339788726969
1.9063545150501673,1.4579656011805127,-0.015224628140790952,0.010401158379222323,0.08726646259971649,21.21823999999999,2.7278409466897138,-0.002165360667788902,0.011398934274936568
2.0066889632107023,1.4608826519096945,-0.016170366428955717,0.010810141943110179,0.08726646259971647,21.218239999999987,2.874426633689702,-0.0019579250345429498,0.012483563901335582
2.1070234113712374,1.4637854252695368,-0.01712508593876061,0.011210259906340364,0.08726646259971647,21.218239999999987,3.0213045193626846,-0.0016774327199966703,0.013608339142774414
2.2073578595317724,1.4666738136515198,-0.018088221445645317,0.011602020503908664,0.08726646259971647,21.218239999999987,3.168473179728025,-0.0013183068453944261,0.014772421467581303
2.3076923076923075,1.469547712723594,-0.019059238585548796,0.011985903012639878,0.08726646259971646,21.218239999999998,3.3159311723962612,-0.0008750042136273275,0.01597502043206022
2.408026755852843,1.472407021280731,-0.02003763163135451,0.012362359823442807,0.08726646259971646,21.218240000000005,3.463677036298236,-0.0003420127676470648,0.01721539098290733
2.508361204013378,1.4752516411563166,-0.021022921293847956,0.012731818451787905,0.08726646259971645,21.218240000000005,3.6117092914186206,0.0002861508746101278,0.018492830961347587
2.608695652173913,1.4780814771150899,-0.022014654147659816,0.013094682102580463,0.08726646259971645,21.218240000000005,3.7600264385332656,0.001014943649082208,0.01980667866394763
2.709030100334448,1.4808964366700863,-0.02301240184422491,0.013451330461145165,0.08726646259971645,21.21824,3.908626958941685,0.0018497980663077158,0.021156310482791627
2.809364548494983,1.4836964299709063,-0.024015758337960793,0.013802122209402938,0.08726646259971645,21.21824,4.0575093141965235,0.002796124256267692,0.022541138798116336
2.9096989966555182,1.4864813697570534,-0.02502433905971747,0.014147395781862615,0.08726646259971645,21.21824000000001,4.206671945838847,0.0038593118491911872,0.023960609946798203
3.0100334448160537,1.4892511712038816,-0.02603778041856019,0.014487469870818576,0.08726646259971645,21.21824000000001,4.356113275128639,0.00504473166265114,0.02541420224152917
3.1103678929765888,1.492005751789338,-0.02705573881237228,0.014822644357229518,0.08726646259971645,21.218240000000005,4.505831702770891,0.006357737254255862,0.026901424083391662
3.210702341137124,1.4947450312082182,-0.028077888255413706,0.015153202448531002,0.08726646259971646,21.21824,4.655825608637231,0.007803666507159443,0.028421812288929888
3.311036789297659,1.4974689313444685,-0.029103920012232266,0.015479411013893173,0.08726646259971646,21.218239999999998,4.806093351492894,0.00938784304900546,0.02997493045085897
3.411371237458194,1.5001773761155541,-0.030133542169037568,0.01580152101790854,0.08726646259971646,21.21823999999999,4.956633268715896,0.011115577513516885,0.03156036734228792
3.511705685618729,1.502870291374134,-0.031166478804815472,0.01611976828803142,0.08726646259971646,21.21823999999999,5.1074436760126405,0.012992168693456294,0.03317773539794325
3.612040133779264,1.5055476048438716,-0.03220246791410399,0.016434375377867044,0.08726646259971646,21.218239999999994,5.2585228671282644,0.01502290473548044,0.03482666938234462
3.7123745819397995,1.5082092461031615,-0.03324126115825898,0.016745551793211244,0.08726646259971646,21.218239999999998,5.409869113561461,0.01721306419446617,0.03650682508066014
3.8127090301003346,1.5108551464662392,-0.03428262347873025,0.01705349437088025,0.08726646259971646,21.218239999999987,5.561480664273006,0.019567916963994313,0.0382178780275712
3.9130434782608696,1.513485238884939,-0.03532633277574703,0.017358387591855512,0.08726646259971643,21.21823999999998,5.713355745390308,0.022092725078755402,0.0399595222675567
4.013377926421405,1.5160994579115121,-0.036372177953632005,0.017660405326283404,0.08726646259971639,21.218239999999987,5.865492559907003,0.024792743577080174,0.041731469290260725
4.11371237458194,1.5186977396804158,-0.0374199585358506,0.01795971118057481,0.08726646259971635,21.21823999999999,6.017889287384594,0.02767322126950116,0.0435334470006863
4.214046822742475,1.521280021864459,-0.038469484448185175,0.018256458702213853,0.08726646259971635,21.21823999999999,6.170544083654275,0.03073940139754481,0.04536519870993852
4.31438127090301,1.523846243537892,-0.039520575893090805,0.01855079152778131,0.08726646259971635,21.21824,6.323455080510291,0.03399652217351736,0.04722648214081959
4.414715719063545,1.5263963451773115,-0.040573062156791566,0.01884284444199425,0.08726646259971635,21.218240000000016,6.476620385403412,0.03744981732321362,0.04911706853968188
4.51505016722408,1.5289302686341117,-0.04162678059155754,0.019132744290242473,0.08726646259971635,21.218240000000023,6.6300380811314525,0.04110451662620172,0.051036741879839996
4.615384615384615,1.5314479571324362,-0.0426815765922664,0.01942061000004022,0.08726646259971635,21.218240000000026,6.783706225533892,0.0449658463529665,0.05298529806713499
4.7157190635451505,1.5339493551873014,-0.043737303302149595,0.019706552865189263,0.08726646259971639,21.218240000000026,6.937622851181503,0.04903902962854209,0.054962544174010176
4.816053511705686,1.536434408540006,-0.04479382162914775,0.019990676546208775,0.08726646259971642,21.21824000000003,7.091785965064655,0.05332928669012977,0.05696829767362979
4.916387959866221,1.538903064171782,-0.045850998810977935,0.020273078347189312,0.08726646259971643,21.218240000000048,7.246193548279603,0.05784183520287562,0.05900238580211031
5.016722408026756,1.541355270294215,-0.04690870804665034,0.02055384954741422,0.08726646259971643,21.218240000000062,7.400843555715556,0.06258189053077803,0.06106464495402479
5.117056856187291,1.5437909763471123,-0.04796682847216338,0.020833075423837687,0.08726646259971643,21.218240000000062,7.555733915745405,0.06755466592753488,0.06315492008016234
5.217391304347826,1.5462101329250741,-0.04902524492200936,0.021110835485841754,0.08726646259971645,21.218240000000062,7.7108625299119655,0.07276537267089987,0.06527306410884212
5.317725752508361,1.5486126917407634,-0.050083847982192904,0.02138720343529269,0.08726646259971646,21.218240000000065,7.866227272615603,0.0782192201098719,0.0674189373632193
5.418060200668896,1.5509986056540248,-0.051142532766312136,0.02166224825913395,0.08726646259971649,21.218240000000073,8.021825990800988,0.08392141576901241,0.06959240708821603
5.518394648829432,1.5533678286684554,-0.052201198667400035,0.02193603445374304,0.08726646259971652,21.21824000000008,8.177656503645444,0.08987716541462128,0.07179334699996283
5.618729096989966,1.5557203159313355,-0.05325974935624594,0.022208622026489915,0.0872664625997165,21.218240000000076,8.33371660225121,0.09609167305735374,0.07402163683539659
5.719063545150502,1.5580560236967533,-0.0543180925735481,0.0224800666979278,0.0872664625997165,21.21824000000009,8.490004049336669,0.10257014091403206,0.0762771619221452
5.8193979933110365,1.5603749092700188,-0.05537614031046267,0.022750419752815377,0.08726646259971653,21.2182400000001,8.646516578928074,0.10931776928652848,0.07855981273346446
5.919732441471572,1.5626769310569681,-0.056433807925515646,0.023019728828803467,0.08726646259971653,21.21824000000009,8.803251896053888,0.11633975647656787,0.08086948452230763
6.0200668896321075,1.564962048569052,-0.05749101373735453,0.02328803828695572,0.0872664625997165,21.218240000000055,8.960207676440247,0.12364129869370932,0.08320607699257075
6.120401337792642,1.5672302224233379,-0.05854767902474832,0.023555389211748653,0.08726646259971646,21.218240000000016,9.117381566210373,0.13122758991517294,0.08556949397033817
6.2207357859531776,1.56948141433961,-0.05960372797290088,0.023821819463169316,0.08726646259971643,21.218240000000016,9.274771181587576,0.1391038217031468,0.08795964308035517
6.321070234113712,1.5717155870899127,-0.060659087600991514,0.024087363768282192,0.08726646259971638,21.21824,9.432374108597202,0.1472751829819488,0.09037643543168782
6.421404682274248,1.5739327045056495,-0.061713687741474864,0.024352053733073423,0.08726646259971636,21.218239999999998,9.590187902774158,0.1557468597700339,0.09281978530457144
6.521739130434782,1.5761327315232334,-0.06276746024877727,0.024615918566234473,0.0872664625997164,21.218240000000023,9.748210088872314,0.16452403495519669,0.09528960990987924
6.622073578595318,1.5783156341856848,-0.06382033893038026,0.024878985143459112,0.0872664625997165,21.218240000000062,9.906438160577633,0.17361188804102,0.09778582915504237
6.722408026755853,1.5804813796426294,-0.06487225954682052,0.025141278007443403,0.08726646259971658,21.218240000000094,10.064869580225803,0.18301559485731425,0.10030836540996982
6.822742474916388,1.58262993614989,-0.0659231597556148,0.0254028194255438,0.08726646259971658,21.218240000000094,10.223501778524142,0.19274032724072077,0.10285714327875346
6.923076923076923,1.5847612730345597,-0.06697297910394766,0.025663629426327016,0.08726646259971664,21.2182400000001,10.382332154275101,0.2027912526805027,0.10543208937504046
7.023411371237458,1.5868753607067188,-0.06802165899372827,0.025923725818047517,0.08726646259971667,21.2182400000001,10.541358074106135,0.21317353393271868,0.10803313209925927
7.1237458193979935,1.5889721707117648,-0.06906914207528247,0.026183124759301978,0.08726646259971665,21.218240000000083,10.70057687220345,0.2238923286690471,0.1106602014731023
7.224080267558528,1.5910516757326045,-0.07011537220984951,0.026441840795373813,0.0872664625997166,21.218240000000055,10.859985850050398,0.23495278910332829,0.11331322897765483
7.3244147157190636,1.5931138495896529,-0.07116029446958218,0.02669988685823323,0.08726646259971653,21.21824000000003,11.019582276171032,0.24636006159185564,0.1159921473915244
7.424749163879599,1.595158667241724,-0.0722038551283735,0.026957274276553374,0.08726646259971652,21.218240000000023,11.17936338587914,0.25811928620830116,0.11869689062997459
7.525083612040134,1.597186104785798,-0.07324600157118041,0.027214012897850907,0.0872664625997165,21.218240000000016,11.33932638103185,0.2702355963031557,0.12142739359631413
7.625418060200669,1.5991961394248364,-0.07428668249664178,0.027470110888089764,0.08726646259971647,21.21824000000001,11.499468429788733,0.28271411801468327,0.12418359201317934
7.725752508361204,1.6011887495352959,-0.07532584742518773,0.027725575204164226,0.08726646259971647,21.218240000000012,11.659786666377656,0.2955599698091905,0.12696542230122257
7.826086956521739,1.6031639146831234,-0.07636344656763193,0.027980411727865098,0.08726646259971653,21.218240000000034,11.820278190866249,0.30877826201613034,0.1297728214712425
7.926421404682274,1.6051216156237575,-0.0773994308251714,0.02823462526587966,0.08726646259971661,21.218240000000065,11.980940068939205,0.3223740963446556,0.132605727016314
8.02675585284281,1.607061834302128,-0.07843375178938664,0.02848821954979172,0.0872664625997167,21.21824000000009,12.14176933168172,0.3363525653815353,0.13546407680391853
8.127090301003344,1.6089845538557592,-0.0794663617285377,0.028741197254337176,0.08726646259971671,21.218240000000094,12.302762975369468,0.35071875207204517,0.13834780896990553
8.22742474916388,1.6108897586255553,-0.08049721355821236,0.028993560081396808,0.0872664625997167,21.218240000000094,12.463917961265834,0.36547772918678534,0.14125686182088185
8.327759197324415,1.6127774341217036,-0.08152626098388722,0.029245308586232383,0.08726646259971668,21.218240000000094,12.625231215424911,0.380634558753844,0.144191173719166
8.42809364548495,1.6146475670953675,-0.08255345812640892,0.029496442571087775,0.08726646259971667,21.21824000000009,12.786699628503222,0.39619429151547625,0.147150683007235
8.528428093645484,1.6165001455516408,-0.08357875945947917,0.029746961157775496,0.08726646259971665,21.218240000000087,12.948320055578408,0.412161966378641,0.15013532793945325
8.62876254180602,1.6183351587495478,-0.08460211980965474,0.0299968627876767,0.08726646259971664,21.21824000000008,13.110089315974776,0.42854260985299747,0.15314504661380213
8.729096989966555,1.620152597202044,-0.08562349435634738,0.030246145221741145,0.08726646259971663,21.218240000000073,13.272004193095885,0.4453412354763505,0.1561797769036089
8.82943143812709,1.6219524526760154,-0.08664283863182395,0.03049480554048725,0.08726646259971663,21.218240000000073,13.434061434264516,0.4625628432275481,0.1592394563892765
8.929765886287626,1.6237347182125677,-0.08766010849575206,0.030742840215586476,0.08726646259971663,21.21824000000007,13.596257750571668,0.4802124189308449,0.16232402229719492
9.03010033444816,1.6254993881104611,-0.08867526024839129,0.03099024502100178,0.08726646259971661,21.21824000000006,13.758589816733652,0.498294933636004,0.1654334114297369
9.130434782608695,1.627246457934268,-0.08968825051916776,0.031237015102819517,0.0872664625997166,21.218240000000055,13.921054270956295,0.5168153429979331,0.16856756010226057
9.23076923076923,1.6289759245698487,-0.09069903610320845,0.031483145209264395,0.08726646259971658,21.21824000000006,14.083647714809658,0.5357785866655654,0.1717264041031901
9.331103678929766,1.630687786224772,-0.09170757396037961,0.031728629692335635,0.08726646259971657,21.21824000000008,14.246366713110541,0.5551895876631052,0.1749098786542606
9.431438127090301,1.6323820424283149,-0.09271382121528654,0.03197346250780693,0.08726646259971657,21.21824000000011,14.409207793812971,0.5750532517635839,0.17811791837076296
9.531772575250836,1.634058694031462,-0.09371773515727376,0.03221763721522649,0.08726646259971657,21.218240000000147,14.572167447906876,0.5953744668547946,0.18135045722178902
9.632107023411372,1.6357177432069072,-0.09471927324042509,0.032461146977917035,0.08726646259971658,21.21824000000017,14.735242129325155,0.6161581022976619,0.1846074284904764
9.732441471571907,1.6373591934616911,-0.09571839308532701,0.032703984597961616,0.08726646259971661,21.21824000000017,14.898428254860539,0.6374090082777557,0.1878887647377635
9.832775919732441,1.638983049654199,-0.09671505256029382,0.03294614252346295,0.0872664625997166,21.218240000000154,15.061722204094442,0.6591320151424291,0.19119439776687347
9.933110367892976,1.6405893179560753,-0.0977092097454779,0.03318761275649976,0.0872664625997166,21.218240000000144,15.225120319330587,0.6813319327326713,0.1945242585785624
10.033444816053512,1.642178005916105,-0.09870082282177972,0.03342838708904767,0.08726646259971663,21.218240000000147,15.388618905541662,0.7040135497229567,0.1978782773500388
10.133779264214047,1.6437491224648533,-0.09968985006696525,0.03366845711806962,0.08726646259971667,21.218240000000172,15.552214230325177,0.7271816329577875,0.20125638341539692
10.234113712374581,1.645302677914665,-0.10067624985566626,0.03390781424551596,0.08726646259971672,21.218240000000215,15.715902523868348,0.7508409267845751,0.20465850524605067
10.334448160535118,1.646838683959665,-0.10165998065938012,0.03414644967832435,0.0872664625997168,21.218240000000264,15.879679978922095,0.7749961523829599,0.20808457043116688
10.434782608695652,1.6483571536757589,-0.10264100104646987,0.03438435442841981,0.08726646259971686,21.218240000000314,16.043542750784365,0.7996520070906858,0.21153450565809861
10.535117056856187,1.6498581015206315,-0.10361926968216414,0.03462151931271472,0.08726646259971689,21.21824000000034,16.207486957292936,0.8248131637261503,0.21500823669281913
10.635451505016722,1.6513415433415333,-0.10459474534650508,0.03485793497716827,0.08726646259971686,21.218240000000332,16.37150867882892,0.8504842699065482,0.2185056883627691
10.735785953177258,1.652807496396178,-0.10556738704745468,0.035093591919008724,0.08726646259971681,21.21824000000033,16.5356039583345,0.8766699473531074,0.2220267845419339
10.836120401337793,1.6542559793182448,-0.106537153926192,0.03532848037814113,0.08726646259971674,21.218240000000325,16.699768801335473,0.9033747912009286,0.22557144812502497
10.936454849498327,1.6556870121572493,-0.10750400523904659,0.035562590522924514,0.0872664625997167,21.218240000000318,16.863999175977096,0.9306033693107179,0.22913960102030165
11.036789297658864,1.657100616382978,-0.10846790036221393,0.03579591246714658,0.08726646259971665,21.218240000000304,17.02829101307034,0.9583602215798549,0.23273116414409567
11.137123745819398,1.6584968148854864,-0.10942879879175538,0.03602843627002367,0.08726646259971665,21.218240000000286,17.19264020614806,0.986649859253311,0.2363460574153355
11.237458193979933,1.6598756319751,-0.1103866601435983,0.03626015193620086,0.08726646259971667,21.218240000000257,17.357042611531277,1.0154767642345697,0.23998419975007135
11.33779264214047,1.6612370933824137,-0.1113414441535359,0.036491049415751854,0.0872664625997167,21.21824000000023,17.521494048405593,1.0448453883966897,0.2436455090559997
11.438127090301004,1.662581226258292,-0.11229311067722737,0.03672111860417905,0.08726646259971672,21.2182400000002,17.68599029890788,1.0747601528936654,0.24732990222698753
11.538461538461538,1.6639080591738689,-0.1132416196901978,0.03695034934241353,0.08726646259971672,21.218240000000183,17.850527108223346,1.1052254474722467,0.25103729513759754
11.638795986622073,1.6652176221215154,-0.11418693136457542,0.03717873146298863,0.08726646259971667,21.21824000000016,18.015100184694948,1.1362456297776968,0.2547676026422452
11.73913043478261,1.6665099465166537,-0.11512900615312455,0.03740625472205062,0.08726646259971657,21.218240000000126,18.179705199945865,1.1678250246518986,0.2585207385675346
11.839464882943144,1.667785065197371,-0.11606780465333501,0.03763290879260125,0.08726646259971647,21.21824000000009,18.34433778900943,1.1999679234451586,0.262296615703916
11.939799331103679,1.6690430124252784,-0.11700328766167992,0.03785868339180707,0.0872664625997164,21.21824000000007,18.508993550471057,1.2326785833255356,0.26609514581011734
12.040133779264215,1.6702838238855213,-0.11793541617439464,0.038083568281893174,0.0872664625997164,21.21824000000007,18.673668046620755,1.2659612265910463,0.2699162396176652
12.14046822742475,1.6715075366867784,-0.11886415138747666,0.038307553270143145,0.08726646259971646,21.21824000000009,18.838356803616293,1.299820039985002,0.2737598068354053
12.240802675585284,1.672714189361262,-0.1197894546966858,0.038530628208899124,0.08726646259971656,21.21824000000013,19.00305531165709,1.3342591740146534,0.2776257561540239
12.341137123745819,1.6739038218647184,-0.12071128769754412,0.03875278299556178,0.08726646259971667,21.218240000000176,19.16775902516882,1.3692827422733074,0.2815139952505685
12.441471571906355,1.6750764755764276,-0.12162961218533573,0.03897400757259026,0.08726646259971678,21.21824000000022,19.33246336299879,1.4048948207660994,0.2854244307929689
12.54180602006689,1.6762321932992033,-0.12254439015510718,0.03919429192750229,0.08726646259971682,21.218240000000232,19.4971637086221,1.4410994472395922,0.28935696844455777
12.642140468227424,1.6773710192374396,-0.1234555838694608,0.0394136261253903,0.08726646259971677,21.218240000000225,19.66185541035842,1.477900620508775,0.2933115128718544
12.74247491638796,1.6784929989804958,-0.12436315601404754,0.039632000246778036,0.08726646259971671,21.218240000000243,19.826533781602798,1.515302299772348,0.29728796774611316
12.842809364548495,1.6795981795502055,-0.12526706952245498,0.03984940433457227,0.08726646259971667,21.218240000000264,19.99119410106744,1.5533084039492553,0.3012862357395485
12.94314381270903,1.6806866093512678,-0.12616728763075097,0.040065828546241036,0.08726646259971665,21.218240000000282,20.155831613031168,1.591922811014257,0.30530621853683015
13.043478260869565,1.6817583381695012,-0.12706377388116885,0.04028126315776989,0.08726646259971665,21.218240000000282,20.320441527599634,1.6311493573390206,0.30934781684697427
13.143812709030101,1.6828134171718454,-0.1279564921221075,0.04049569856366196,0.08726646259971667,21.21824000000026,20.48501902097636,1.6709918370393335,0.3134109304152347
13.244147157190636,1.6838518989063613,-0.12884540650813128,0.04070912527693788,0.0872664625997167,21.218240000000222,20.649559235744608,1.7114540013286088,0.31749545803499435
13.34448160535117,1.6848738373022298,-0.12973048149997007,0.040921533929135834,0.08726646259971675,21.21824000000017,20.814057281160046,1.7525395578778824,0.3216012975596568
13.444816053511706,1.6858792876697528,-0.13061168186451927,0.04113291527031155,0.0872664625997168,21.218240000000115,20.978508233454143,1.7942521701824716,0.3257283459145376
13.545150501672241,1.6868683067003531,-0.1314889726748397,0.04134326016903828,0.08726646259971682,21.218240000000073,21.14290713614828,1.8365954569354834,0.32987649910875544
13.645484949832776,1.6878409524600275,-0.13236231931774242,0.04155255961681221,0.0872664625997168,21.21824000000006,21.307249000378178,1.8795729914075034,0.334045652247566
13.74581939799331,1.6887972842706496,-0.13323168770852323,0.041760804737394935,0.08726646259971668,21.218240000000023,21.471528805224786,1.9231883008094375,0.3382356995456324
13.846153846153847,1.689737362840069,-0.13409704424522975,0.04196798659963747,0.08726646259971652,21.218239999999966,21.63574149806783,1.9674448656685122,0.3424465343215158
13.946488294314381,1.690661250207419,-0.13495835571473944,0.042174096393372176,0.08726646259971638,21.218239999999916,21.79988199494189,2.0123461192190395,0.34667804900981397
14.046822742474916,1.6915690096983993,-0.1358155893198283,0.04237912548171631,0.0872664625997163,21.218239999999888,21.963945180899685,2.0578954467977364,0.35093013517854804
14.147157190635452,1.6924607059252763,-0.13666871267917088,0.042583065401071984,0.08726646259971631,21.218239999999895,22.1279259103858,2.1040961852477924,0.3552026835465486
14.247491638795987,1.6933364047868824,-0.13751769382734017,0.042785907861126175,0.08726646259971643,21.218239999999934,22.291819007620838,2.1509516223318688,0.3594955840008422
14.347826086956522,1.6941961734686166,-0.1383625012148076,0.042987644744850756,0.08726646259971663,21.21824000000001,22.455619266995825,2.1984649961542178,0.3638087256140379
14.448160535117056,1.6950400804424448,-0.13920310370794323,0.04318826810850248,0.08726646259971688,21.218240000000097,22.619321453476832,2.2466394945920873,0.3681419966617137
14.548494983277592,1.6958681954668986,-0.14003947058901553,0.043387770181622945,0.08726646259971711,21.218240000000183,22.78292030301968,2.295478254736595,0.372495284639803
14.648829431438127,1.6966805895870765,-0.14087157155619148,0.04358614336703864,0.08726646259971725,21.218240000000236,22.9464105229946,2.3449843623432387,0.3768684762819808
14.749163879598662,1.6974773351045813,-0.1416993767465584,0.04378338024653478,0.08726646259971722,21.21824000000023,23.109786792618845,2.39516085128906,0.3812614575776197
14.849498327759198,1.6982585053826569,-0.14252285701705125,0.04397947349554609,0.08726646259971714,21.218240000000183,23.27304376339195,2.4460107030049634,0.38567411378118627
14.949832775919733,1.6990241751059818,-0.14334198382763597,0.044174415755122494,0.08726646259971704,21.21824000000013,23.436176059562218,2.4975368459353455,0.39010632940879053
15.050167224080267,1.6997744201395215,-0.14415672913650393,0.044368199853231045,0.08726646259971697,21.21824000000009,23.599178278585956,2.5497421550127948,0.3945579882569408
15.150501672240802,1.7005093174873085,-0.14496706541277152,0.04456081882988583,0.08726646259971693,21.218240000000073,23.76204499159292,2.6026294511410044,0.39902897342381893
15.250836120401338,1.7012289452924416,-0.14577296563648012,0.044752265937147914,0.08726646259971693,21.218240000000083,23.92477074386117,2.656201500688787,0.40351916733055626
15.351170568561873,1.7019333828370864,-0.14657440329859603,0.04494253463912543,0.08726646259971697,21.218240000000126,24.087350055301215,2.710461014995333,0.4080284517425086
15.451505016722408,1.702622710542475,-0.1473713524010105,0.045131618611973505,0.08726646259971706,21.218240000000193,24.249777420949265,2.765410649886893,0.4125567077905327
15.551839464882944,1.703297009968906,-0.14816378745653988,0.045319511743894314,0.08726646259971715,21.218240000000275,24.412047311469443,2.8210530052050173,0.4171038159922613
15.652173913043478,1.7039563638157444,-0.1489516834889253,0.04550620813513702,0.08726646259971724,21.21824000000035,24.574154173664756,2.8773906243465164,0.4216696562733787
15.752508361204013,1.7046008559214225,-0.149735016032833,0.04569170209799786,0.08726646259971729,21.2182400000004,24.7360924309967,2.934425993815297,0.42625410798889685
15.852842809364548,1.7052305712318196,-0.150513761149886,0.045875988156526104,0.0872664625997173,21.218240000000403,24.897856484111067,2.9921615427834136,0.4308570499444011
15.953177257525084,1.7058455955105998,-0.15128789572780962,0.04605906090506737,0.08726646259971736,21.218240000000403,25.05944071135921,3.050599642622463,0.43547836040310356
16.05351170568562,1.7064460156897956,-0.1520573974238419,0.046240914899565375,0.08726646259971747,21.218240000000414,25.220839469359245,3.1097426064629827,0.4401179170819897
16.153846153846153,1.707031919715559,-0.1528222444679754,0.04642154490511861,0.08726646259971757,21.21824000000042,25.382047093543413,3.169592688777777,0.4447755971728043
16.254180602006688,1.7076033964785615,-0.1535824156687347,0.04660094592212916,0.08726646259971761,21.218240000000424,25.543057898707254,3.230152084974471,0.44945127736566004
16.354515050167223,1.7081605358139953,-0.1543378904131763,0.04677911318630275,0.0872664625997176,21.21824000000042,25.703866179566624,3.291422931000862,0.4541448338726469
16.45484949832776,1.7087034285015714,-0.1550886486668888,0.046956042168648696,0.0872664625997175,21.218240000000403,25.864466211322327,3.3534073029631815,0.45885614245144124
16.555183946488295,1.7092321662655212,-0.15583467097399256,0.047131728575479946,0.08726646259971735,21.21824000000038,26.024852250232072,3.416107216757385,0.4635850784289141
16.65551839464883,1.7097468417745958,-0.1565759384571401,0.04730616834841306,0.08726646259971717,21.218240000000353,26.185018534189695,3.479524627713623,0.4683315167247415
16.755852842809364,1.7102475486420663,-0.15731243281751586,0.04747935766436822,0.08726646259971696,21.21824000000032,26.34495928331122,3.543661430253958,0.4730953318750125
16.8561872909699,1.7107343814257232,-0.15804413633483622,0.04765129293556921,0.08726646259971681,21.2182400000003,26.50466870052772,3.608519457563478,0.4778763980558388
16.956521739130434,1.7112074356197677,-0.15877103186962122,0.047821970808900875,0.08726646259971677,21.218240000000296,26.664140972184008,3.6741004812743063,0.4826745891068991
17.05685618729097,1.7116668073062393,-0.15949310309295875,0.04799138802114166,0.08726646259971677,21.218240000000293,26.823370268624487,3.740406211124117,0.48748977854045844
17.157190635451506,1.7121125934396753,-0.16021033463400752,0.048159541219495554,0.08726646259971677,21.218240000000286,26.982350744820312,3.807438294623137,0.49232183953238123
17.25752508361204,1.7125448918426383,-0.1609227117553666,0.04832642724939636,0.08726646259971675,21.218240000000282,27.1410765409877,3.8751983167630946,0.4971706449420196
17.357859531772576,1.7129638010524726,-0.1616302203310243,0.04849204319989336,0.08726646259971674,21.21824000000028,27.299541783197643,3.9436877997347235,0.5020360673366577
17.45819397993311,1.7133694203213037,-0.16233284684635815,0.048656386403651226,0.08726646259971672,21.218240000000282,27.457740583991296,4.012908202658969,0.5069179790159538
17.558528428093645,1.713761849616039,-0.1630305783981348,0.048819454436950106,0.08726646259971671,21.218240000000293,27.615667043000936,4.082860921332014,0.5118162520363836
17.65886287625418,1.7141411896183663,-0.1637234026945102,0.048981245119685574,0.0872664625997167,21.21824000000031,27.773315247576175,4.153547287984195,0.5167307582356832
17.759197324414714,1.7145075417247555,-0.1644113080550293,0.04914175651536862,0.0872664625997167,21.218240000000332,27.930679273415155,4.224968571052871,0.521661369257292
17.859531772575252,1.7148610080464581,-0.16509428341062654,0.0493009869311257,0.08726646259971668,21.218240000000353,28.087753185200533,4.297125974969336,0.5266079565747964
17.959866220735787,1.7152016914095063,-0.1657723183036253,0.04945893491769869,0.0872664625997167,21.21824000000037,28.244531037239923,4.370020639959805,0.5315703915163715
18.06020066889632,1.7155296953547141,-0.1664454028877382,0.0496155992694449,0.0872664625997167,21.218240000000375,28.401006874110607,4.443653641860587,0.5365485452892255
18.160535117056856,1.715845123909931,-0.16711352802262422,0.04977097893538505,0.08726646259971672,21.218240000000367,28.55717473129414,4.518025991926129,0.5415422889951169
18.26086956521739,1.716148081475308,-0.16777668562877224,0.04992507271070204,0.08726646259971675,21.218240000000357,28.713028635826873,4.593138636608369,0.5465514936149197
18.361204013377925,1.7164386732168293,-0.1684348683620868,0.05007787952951871,0.08726646259971678,21.218240000000346,28.868562606972816,4.668992457397179,0.5515760300225637
18.46153846153846,1.7167170047702907,-0.16908806948585073,0.0502293985646511,0.08726646259971678,21.218240000000335,29.023770656868106,4.7455882706706864,0.5566157690089836
18.561872909698998,1.7169831822367652,-0.16973628287094963,0.05037962922726062,0.08726646259971675,21.218240000000332,29.178646791168582,4.822926827559215,0.5616705813060333
18.662207357859533,1.7172373121826028,-0.17037950299587185,0.05052857116685405,0.0872664625997167,21.218240000000335,29.33318500970056,4.901008813823124,0.5667403376103999
18.762541806020067,1.7174795016394315,-0.1710177249467085,0.050676224271283564,0.0872664625997166,21.218240000000343,29.48737930711458,4.9798348497446145,0.5718249086075186
18.862876254180602,1.7177098581041559,-0.1716509444171535,0.05082258866674668,0.08726646259971647,21.218240000000357,29.64122367354179,5.059405490033476,0.5769241649954864
18.963210702341136,1.7179284895389586,-0.17227915770850358,0.05096766471778632,0.08726646259971635,21.21824000000037,29.79471209525276,5.139721223746824,0.5820379775089766
19.06354515050167,1.718135504371299,-0.1729023617296582,0.051111453027290754,0.08726646259971625,21.218240000000385,29.94783855531839,5.22078247422284,0.5871662169431529
19.163879598662206,1.7183310114939139,-0.17352055399711958,0.05125395443649362,0.0872664625997162,21.218240000000392,30.10059703427273,5.3025895990285115,0.5923087541775837
19.264214046822744,1.718515120194883,-0.17413373264923762,0.05139516999960857,0.0872664625997162,21.218240000000396,30.252981510772532,5.385142889915871,0.5974654601976115
19.36454849498328,1.718687939725368,-0.17474189675969254,0.051535100640846786,0.08726646259971614,21.218240000000392,30.404985962243426,5.468442572735996,0.6026362060813084
19.464882943143813,1.7188495798411232,-0.17534504631750994,0.05167374727693695,0.08726646259971607,21.21824000000039,30.556604365574287,5.552488807395456,0.6078208629987268
19.565217391304348,1.7190001505805863,-0.1759431818965254,0.05181111104762026,0.087266462599716,21.218240000000385,30.707830697775975,5.637281687841487,0.613019302234274
19.665551839464882,1.719139762194678,-0.17653630464041903,0.05194719331439058,0.08726646259971596,21.218240000000378,30.85865893663458,5.7228212420577815,0.618231395208962
19.765886287625417,1.7192685251468025,-0.1771244162627154,0.0520819956604944,0.08726646259971597,21.21824000000037,31.009083061365555,5.809107432073541,0.623457013502657
19.86622073578595,1.7193865501128471,-0.17770751904678367,0.05221551989093087,0.08726646259971604,21.218240000000364,31.15909705326846,5.896140153985781,0.628696028876329
19.96655518394649,1.719493947981182,-0.17828561584583758,0.052347768032451794,0.08726646259971617,21.21824000000036,31.3086948963821,5.983919237994865,0.6339483132943009
20.066889632107024,1.7195908298526612,-0.17885871008293525,0.05247874233356159,0.08726646259971632,21.218240000000353,31.457870578139712,6.072444448453226,0.6392137389464977
20.16722408026756,1.7196773070406213,-0.1794268057509795,0.05260844526451736,0.08726646259971649,21.21824000000035,31.60661809002404,6.161715483927282,0.6444921782706967
20.267558528428093,1.7197534910708827,-0.17998990741271761,0.05273687951732884,0.08726646259971663,21.218240000000346,31.754931428221916,6.251731977272456,0.6497835039747765
20.367892976588628,1.719819493681461,-0.18054802020072822,0.05286404800567362,0.08726646259971668,21.218240000000346,31.90280459427815,6.342493495721264,0.6550875890589577
20.468227424749163,1.719875426476798,-0.18110114992599496,0.052989953664712035,0.08726646259971667,21.21824000000035,32.05023159572955,6.433999540951602,0.6604043068179589
20.568561872909697,1.7199214010182566,-0.18164930340570157,0.05311459922291448,0.08726646259971663,21.218240000000357,32.19720644677,6.526249549140926,0.665733530820258
20.668896321070235,1.7199575290655766,-0.1821924880852079,0.05323798758218558,0.08726646259971658,21.218240000000364,32.34372316891146,6.619242891077758,0.6710751349254942
20.76923076923077,1.7199839223502462,-0.18273071191401744,0.053360121841105494,0.08726646259971656,21.21824000000037,32.489775791618314,6.712978872281392,0.6764289933042004
20.869565217391305,1.7200006925755014,-0.1832639833457775,0.05348100529492996,0.08726646259971654,21.21824000000038,32.63535835294046,6.807456733133629,0.6817949804575378
20.96989966555184,1.7200079514163276,-0.18379231133827925,0.05360064143559021,0.08726646259971656,21.21824000000039,32.78046490014489,6.90267564902244,0.6871729712370285
21.070234113712374,1.7200058105194578,-0.1843157053534575,0.053719033951693036,0.0872664625997166,21.218240000000396,32.92508949034554,6.998634730497516,0.6925628408642887
21.17056856187291,1.719994381503374,-0.18483417535739094,0.053836186728520766,0.08726646259971665,21.218240000000403,33.0692261911311,7.095333023437632,0.6979644649507623
21.270903010033443,1.7199737759583065,-0.18534773182030193,0.05395210384803128,0.08726646259971672,21.218240000000407,33.212869081190654,7.192769509229748,0.7033777195174543
21.37123745819398,1.7199441054462339,-0.18585638571655666,0.05406678958885797,0.08726646259971678,21.21824000000041,33.35601225093679,7.290943104959772,0.7088024810146643
21.471571906354516,1.719905481500883,-0.18636014852466506,0.05418024842630979,0.08726646259971682,21.21824000000041,33.49864980312604,7.389852663614885,0.7142386263417188
21.57190635451505,1.7198580155562209,-0.1868590322334818,0.05429248499507265,0.08726646259971683,21.21824000000041,33.6407758534717,7.4894969742916615,0.7196860328629635
21.672240802675585,1.7198018185300616,-0.18735304960900237,0.05440350370002589,0.08726646259971689,21.218240000000407,33.78238453124444,7.589874762361623,0.7251445783847053
21.77257525083612,1.719737001326184,-0.18784221421864833,0.0545133089298344,0.08726646259971696,21.218240000000403,33.92346997991236,7.690984689676521,0.7306141411535849
21.872909698996654,1.7196636746601115,-0.18832654007008648,0.054621905248591965,0.08726646259971702,21.2182400000004,34.064026357741234,7.792825354800417,0.7360945998741794
21.97324414715719,1.7195819490031465,-0.18880604158945494,0.05472929738656936,0.08726646259971703,21.218240000000396,34.20404783838586,7.895395293250019,0.7415858337256745
22.073578595317727,1.7194919345823703,-0.18928073362136313,0.05483549024021434,0.08726646259971697,21.218240000000392,34.34352861147822,7.9986929777452085,0.747087722378539
22.17391304347826,1.7193937413806433,-0.18975063142889168,0.05494048887215161,0.08726646259971685,21.218240000000392,34.482462883211994,8.102716818469656,0.7526001460111964
22.274247491638796,1.7192874791366048,-0.19021575069359264,0.055044298511182886,0.08726646259971665,21.218240000000392,34.62084487692348,8.20746516334146,0.7581229853266996
22.37458193979933,1.7191732573446732,-0.19067610751548927,0.055146924552286834,0.08726646259971643,21.218240000000396,34.75866883366845,8.312936298293648,0.763656121569404
22.474916387959865,1.7190511852550456,-0.19113171841307622,0.05524837255661911,0.08726646259971621,21.2182400000004,34.89592901279498,8.419128447564471,0.76919943654164
22.5752508361204,1.7189213718736989,-0.19158260032331934,0.05534864825151235,0.08726646259971602,21.218240000000403,35.03261969251183,8.526039773997372,0.7747528126203871
22.67558528428094,1.7187839259623876,-0.19202877060165582,0.05544775753047615,0.08726646259971593,21.21824000000041,35.168735170452386,8.633668379350507,0.7803161327739467
22.775919732441473,1.7186389558237691,-0.19247024706177068,0.05554570630031809,0.08726646259971597,21.21824000000042,35.304269764223015,8.742012304595544,0.7858892805632762
22.876254180602007,1.718486569164647,-0.19290704830328334,0.05564250017559479,0.08726646259971607,21.218240000000435,35.4392178119659,8.851069530186432,0.791472140112667
22.976588628762542,1.7183268734708617,-0.1933391934506566,0.05573814488187899,0.08726646259971617,21.218240000000453,35.573573672926464,8.960837976382015,0.7970645961208822
23.076923076923077,1.718159975804394,-0.1937667019504101,0.05583264627888353,0.08726646259971624,21.218240000000463,35.70733172798752,9.071315503577283,0.8026665338746163
23.17725752508361,1.7179859828009951,-0.19418959357050836,0.055926010359505035,0.08726646259971625,21.218240000000463,35.840486380198456,9.182499912642673,0.8082778392618576
23.277591973244146,1.7178050006701877,-0.1946078884003608,0.05601824324982395,0.0872664625997162,21.218240000000456,35.97303205529956,9.294388945271416,0.8138983987852513
23.377926421404684,1.7176171351952647,-0.19502160685082182,0.05610935120910453,0.08726646259971607,21.21824000000044,36.10496320224132,9.406980284334846,0.8195280995754626
23.47826086956522,1.7174224917332903,-0.1954307696541905,0.056199340629794814,0.08726646259971589,21.21824000000041,36.23627429369848,9.520271554245483,0.825166829404539
23.578595317725753,1.7172211752150996,-0.19583539786421103,0.056288218037526656,0.08726646259971568,21.218240000000378,36.36695982657877,9.634260321327858,0.8308144766992741
23.678929765886288,1.7170132901452984,-0.19623551285607235,0.05637599009111571,0.08726646259971547,21.218240000000346,36.49701432252613,9.748944094196856,0.83647093055457
23.779264214046822,1.716798940602263,-0.19663113632640838,0.056462663582561454,0.08726646259971532,21.218240000000325,36.6264323284182,9.864320324143502,0.8421360807468002
23.879598662207357,1.7165782302327284,-0.19702229029238305,0.05654824543369839,0.08726646259971528,21.21824000000032,36.75520841685766,9.98038640552765,0.8478098177468368
23.97993311036789,1.7163512619432038,-0.1974089971826944,0.056632742416348816,0.08726646259971532,21.218240000000318,36.88333718664745,10.097139676144844,0.8534920327049988
24.08026755852843,1.7161181380447834,-0.1977912801017178,0.05671616109618045,0.08726646259971538,21.21824000000031,37.01081326329433,10.21457741758926,0.8591826174303683
24.180602006688964,1.715878960378547,-0.19816916246835706,0.05679850815221094,0.08726646259971543,21.2182400000003,37.137631299488255,10.332696855657003,0.864881464402162
24.2809364548495,1.7156338302167358,-0.19854266792277317,0.056879790363692014,0.08726646259971546,21.218240000000293,37.26378597556255,10.451495160754352,0.8705884667797898
24.381270903010034,1.7153828482627527,-0.19891182032638413,0.056960014610109425,0.08726646259971545,21.218240000000293,37.38927199994823,10.570969448311914,0.8763035184129112
24.48160535117057,1.715126114651163,-0.19927664376186507,0.05703918787118299,0.0872664625997154,21.2182400000003,37.51408410962247,10.69111677920462,0.8820265138514914
24.581939799331103,1.7148637289476927,-0.1996371625331482,0.05711731722686657,0.08726646259971531,21.218240000000314,37.63821707055103,10.811934160177398,0.8877573483558593
24.682274247491637,1.7145957901492304,-0.19999340116542272,0.05719440985734807,0.0872664625997152,21.218240000000332,37.761665678124515,10.933418544276403,0.8934959179067637
24.782608695652176,1.7143223966838264,-0.20034538440513505,0.05727047304304945,0.08726646259971507,21.218240000000353,37.88442475758848,11.055566831285676,0.8992421192154311
24.88294314381271,1.714043646410692,-0.20069313721998855,0.05734551416462671,0.08726646259971495,21.21824000000037,38.006489164467084,11.178375868169049,0.904995849733621
24.983277591973245,1.7137596366202015,-0.20103668479894374,0.05741954070296991,0.08726646259971488,21.21824000000038,38.12785378498043,11.301842449517258,0.9107570076636848
25.08361204013378,1.7134704640198568,-0.20137605255034635,0.0574925602274855,0.08726646259971486,21.21824000000038,38.24851353645435,11.42596331799886,0.9165254919674459
25.183946488294314,1.7131762244515283,-0.20171126622222593,0.05756458007885919,0.08726646259971486,21.21824000000039,38.36846336772023,11.55073516478216,0.9223012023432512
25.28428093645485,1.7128770130727493,-0.20204235208621688,0.057635607443374565,0.08726646259971485,21.218240000000403,38.48769825953806,11.676154629962182,0.9280840392104793
25.384615384615383,1.7125729244213521,-0.20236933659392511,0.05770564959351116,0.08726646259971485,21.218240000000414,38.60621322498978,11.802218303018503,0.9338739037181895
25.48494983277592,1.712264052365017,-0.20269224632188407,0.05777471387107135,0.08726646259971486,21.21824000000042,38.724003309859064,11.9289227232764,0.9396706977520763
25.585284280936456,1.7119504901012714,-0.20301110797155458,0.057842807687180336,0.0872664625997149,21.21824000000042,38.841063593004606,12.056264380371765,0.9454743239414255
25.68561872909699,1.7116323301574905,-0.203325948369325,0.05790993852228616,0.08726646259971495,21.218240000000407,38.95738918672711,12.1842397147197,0.9512846856660696
25.785953177257525,1.7113096643908963,-0.20363679446651115,0.057976113926159714,0.08726646259971503,21.21824000000038,39.07297523712976,12.31284511798663,0.9571016870633431
25.88628762541806,1.710982583988559,-0.20394367333935629,0.05804134151789474,0.08726646259971511,21.218240000000346,39.18781692447209,12.442076933565803,0.9629252330350382
25.986622073578594,1.710651179467396,-0.2042466121890312,0.058105628985907806,0.0872664625997152,21.21824000000031,39.301909463517326,12.571931457056074,0.96875522925436
26.08695652173913,1.7103155406741717,-0.2045456383416341,0.05816898408793833,0.08726646259971528,21.218240000000275,39.415248103873054,12.70240493674381,0.9745915821728822
26.187290969899667,1.7099757567854987,-0.20484077924819072,0.058231414651048585,0.08726646259971532,21.218240000000254,39.527828130325105,12.833493574087802,0.9804341990275026
26.287625418060202,1.7096319163003613,-0.2051320624832195,0.058292928563258524,0.08726646259971532,21.21824000000025,39.639644863164285,12.965193524206391,0.9862829878465587
26.387959866220736,1.7092841068260345,-0.20541951584348841,0.05835353348785159,0.08726646259971524,21.21824000000025,39.75069365850678,13.097500896340668,0.9921378574272796
26.48829431438127,1.7089324151623086,-0.20570316752784995,0.05841323691050796,0.08726646259971511,21.218240000000247,39.86096990863147,13.230411754314826,0.997998717317966
26.588628762541806,1.7085769274086275,-0.2059830458290611,0.05847204637613584,0.08726646259971499,21.218240000000243,39.97046904229106,13.363922117025265,1.0038654778239327
26.68896321070234,1.708217728933147,-0.20625917907775201,0.058529969471495705,0.08726646259971493,21.21824000000024,40.0791865250105,13.498027958932179,1.0097380500117081
26.789297658862875,1.7078549043727347,-0.206531595642426,0.058587013825200374,0.08726646259971495,21.218240000000243,40.18711785937888,13.632725210553003,1.0156163457132332
26.889632107023413,1.7074885376329705,-0.20680032392945955,0.058643187107714934,0.08726646259971504,21.218240000000257,40.294258585334845,13.768009758957573,1.021500277530061
26.989966555183948,1.7071187118881463,-0.20706539238310223,0.05869849703135677,0.08726646259971524,21.218240000000275,40.40060428044554,13.90387744826486,1.027389758837555
27.090301003344482,1.706745509581266,-0.20732682948547687,0.058752951350295575,0.08726646259971549,21.218240000000296,40.50615056017906,14.040324080141236,1.0332847037890895
27.190635451505017,1.7063690124240454,-0.20758466375657939,0.058806557860553346,0.0872664625997158,21.218240000000325,40.61089307817026,14.177345414300056,1.0391850273202488
27.29096989966555,1.7059893013969123,-0.20783892375427887,0.05885932440000436,0.08726646259971609,21.218240000000346,40.71482752648011,14.314937169002494,1.045090645153025
27.391304347826086,1.7056064567490063,-0.20808963807431752,0.058911258848375204,0.08726646259971631,21.218240000000367,40.81794963584844,14.453095021559506,1.0510014738000193
27.49163879598662,1.7052205579981512,-0.2083368353502931,0.058962369127192354,0.08726646259971639,21.21824000000037,40.920255175940085,14.591814608834783,1.056917430568634
27.59197324414716,1.7048316838299413,-0.20858054429536388,0.05901266302357855,0.08726646259971639,21.21824000000037,41.021739955585595,14.731091527735934,1.0628384335475884
27.692307692307693,1.7044399120055491,-0.20882079391821304,0.059062148053156724,0.08726646259971642,21.218240000000378,41.122399823034726,14.870921335684725,1.0687644015796778
27.792642140468228,1.7040453195339136,-0.20905761329277575,0.05911083176272666,0.08726646259971645,21.21824000000038,41.22223066619233,15.011299551114716,1.074695254264901
27.892976588628763,1.7036479826682909,-0.20929103145675004,0.0591587217177435,0.08726646259971646,21.21824000000038,41.32122841283905,15.152221653973902,1.0806309119623334
27.993311036789297,1.7032479769062554,-0.20952107741159695,0.05920582550231773,0.08726646259971646,21.218240000000378,41.419389030845785,15.293683086227578,1.0865712957919973
28.093645484949832,1.7028453769896994,-0.2097477801225404,0.05925215071921522,0.08726646259971645,21.218240000000367,41.51670852838203,15.43567925236128,1.0925163276367347
28.193979933110366,1.7024402569048331,-0.2099711685185672,0.0592977049898572,0.08726646259971639,21.21824000000035,41.61318295411799,15.578205519883724,1.0984659301440782
28.294314381270905,1.7020326898821851,-0.2101912714924272,0.059342495954320264,0.08726646259971634,21.21824000000033,41.708808397420526,15.721257219829624,1.104420026728124
28.39464882943144,1.701622748396601,-0.21040811790063313,0.05938653127133636,0.08726646259971625,21.218240000000304,41.80358098854299,15.864829647262285,1.1103785415714018
28.494983277591974,1.7012105041672452,-0.21062173656346062,0.05942981861829282,0.08726646259971617,21.218240000000275,41.8974968988089,16.008918061775912,1.1163413996267488
28.59531772575251,1.7007960281575996,-0.21083215626494833,0.05947236569123233,0.08726646259971611,21.218240000000254,41.99055234078948,16.153517687997457,1.1223085266191801
28.695652173913043,1.7003793905754636,-0.21103940575289776,0.059514180204852926,0.08726646259971609,21.218240000000243,42.08274356847511,16.29862371608798,1.1282798490477606
28.795986622073578,1.6999606608617928,-0.21124351374699007,0.05955526985492739,0.0872664625997161,21.218240000000243,42.17406687744154,16.444231302241683,1.1342552941837065
28.896321070234112,1.6995399075552764,-0.21144450909933943,0.05959564203370579,0.0872664625997161,21.218240000000243,42.26451860502375,16.59033556916225,1.1402347900399312
28.99665551839465,1.6991171983475146,-0.21164242075398532,0.059635304070444144,0.0872664625997161,21.218240000000236,42.35409513048428,16.736931606544815,1.146218265364725
29.096989966555185,1.6986926001800506,-0.21183727756842666,0.05967426330678619,0.0872664625997161,21.21824000000023,42.44279287516372,16.884014471573554,1.1522056496429978
29.19732441471572,1.6982661792452347,-0.21202910830640803,0.059712527083363845,0.08726646259971609,21.218240000000222,42.530608302624955,17.03157918941861,1.158196873096178
29.297658862876254,1.697838000986224,-0.21221794163791943,0.059750102739797174,0.08726646259971607,21.218240000000222,42.617537918791754,17.179620753731754,1.1641918666821107
29.39799331103679,1.697408130096983,-0.21240380613919646,0.05978699761469442,0.08726646259971607,21.218240000000222,42.70357827208174,17.328134127140817,1.1701905620949562
29.498327759197323,1.6969766305222826,-0.2125867302927202,0.05982321904565197,0.08726646259971606,21.21824000000023,42.7887259535338,17.47711424174274,1.1761928917650886
29.598662207357858,1.6965435654577015,-0.21276674248721722,0.059858774369254394,0.08726646259971606,21.21824000000024,42.87297759692996,17.626555999595194,1.1821987888589938
29.698996655518396,1.6961089973496246,-0.21294387101765969,0.059893670921074414,0.08726646259971606,21.218240000000254,42.956329878911795,17.776454273206685,1.1882081872791685
29.79933110367893,1.6956729878952443,-0.21311814408526522,0.059927916035672914,0.08726646259971606,21.218240000000268,43.038779519091364,17.926803906025032,1.1942210216640186
29.899665551839465,1.69523559804256,-0.213289589797497,0.05996151704659893,0.08726646259971606,21.218240000000282,43.120323280156754,18.077599712924215,1.2002372273877575
30.0,1.6947968879903779,-0.2134582361680637,0.059994481286389685,0.08726646259971606,21.21824000000029,43.200957967972265,18.22883648068944,1.2062567405603049
